attack_goal,robfr_attack,surrogate_model,victim_model,num_evaluated_pairs,score_direction_note,vanilla_breach_rate_fraction,facesm_breach_rate_fraction,vanilla_breach_rate_pct,facesm_breach_rate_pct,facesm_minus_vanilla_breach_pp,vanilla_score_mean,facesm_score_mean,facesm_minus_vanilla_score,vanilla_distance_mean,facesm_distance_mean,facesm_minus_vanilla_distance
dodging,BIM,ArcFace,FaceNet-VGGFace2,300,Lower score is better,0.0833333333333333,0.1666666666666666,8.33333333333333,16.66666666666666,8.33333333333333,0.6151948317885398,0.5630143398760508,-0.052180491912489,3.5242573274633058,3.7918532114108,0.2675958839474943
dodging,CIM,ArcFace,FaceNet-VGGFace2,300,Lower score is better,0.1366666666666666,0.24,13.66666666666666,24.0,10.33333333333334,0.5727228433887164,0.5276070262491703,-0.045115817139546,3.999924631257862,3.999924058629576,-5.726282861218124e-07
dodging,LGC,ArcFace,FaceNet-VGGFace2,300,Lower score is better,0.1566666666666666,0.2266666666666666,15.666666666666659,22.66666666666666,6.999999999999998,0.5732548910876115,0.5368925374125441,-0.0363623536750674,3.9999238813874847,3.9999296821330175,5.800745533690588e-06
dodging,MIM,ArcFace,FaceNet-VGGFace2,300,Lower score is better,0.1333333333333333,0.22,13.33333333333333,22.0,8.66666666666667,0.5775681265940269,0.5313446822855622,-0.0462234443084647,3.999924180286868,3.999927189207304,3.0089204359207145e-06
impersonate,BIM,ArcFace,FaceNet-VGGFace2,300,Higher score is better,0.0133333333333333,0.03,1.33333333333333,3.0,1.6666666666666698,0.0975286516640335,0.1301995018667852,0.0326708502027516,2.979639975238015,3.433105531685717,0.4534655564477021
impersonate,CIM,ArcFace,FaceNet-VGGFace2,300,Higher score is better,0.0233333333333333,0.0466666666666666,2.33333333333333,4.66666666666666,2.33333333333333,0.1281086823771086,0.1564944641928499,0.0283857818157413,3.9998972782937874,3.999901757589425,4.479295637516145e-06
impersonate,LGC,ArcFace,FaceNet-VGGFace2,300,Higher score is better,0.02,0.05,2.0,5.0,3.0000000000000004,0.1323392819690828,0.1547794115574409,0.0224401295883581,3.999891472304402,3.99989174078946,2.684850577416853e-07
impersonate,MIM,ArcFace,FaceNet-VGGFace2,300,Higher score is better,0.0233333333333333,0.05,2.33333333333333,5.0,2.6666666666666705,0.123006506517219,0.1538149873105188,0.0308084807932997,3.999902799017794,3.9999061519347134,3.35291691921924e-06
